name,hp,attack,defense,sp_attack,sp_defense,speed,base_total,is_legendary,cluster
Bulbasaur,45,49,49,65,65,45,318,0,3
Ivysaur,60,62,63,80,80,60,405,0,1
Venusaur,80,82,83,100,100,80,525,0,2
Charmander,39,52,43,60,50,65,309,0,3
Charmeleon,58,64,58,80,65,80,405,0,1
Charizard,78,84,78,109,85,100,534,0,2
Squirtle,44,48,65,50,64,43,314,0,3
Wartortle,59,63,80,65,80,58,405,0,1
Blastoise,79,83,100,85,105,78,530,0,2
Caterpie,45,30,35,20,20,45,195,0,3
Metapod,50,20,55,25,25,30,205,0,3
Butterfree,60,45,50,90,80,70,395,0,1
Weedle,40,35,30,20,20,50,195,0,3
Kakuna,45,25,50,25,25,35,205,0,3
Beedrill,65,90,40,45,80,145,395,0,1
Pidgey,40,45,40,35,35,56,251,0,3
Pidgeotto,63,60,55,50,50,71,349,0,1
Pidgeot,83,83,80,75,70,70,479,0,2
Rattata,30,56,35,25,35,72,253,0,3
Raticate,75,71,70,40,80,77,413,0,1
Spearow,40,60,30,31,31,70,262,0,3
Fearow,65,90,65,61,61,100,442,0,1
Ekans,35,60,44,40,54,55,288,0,3
Arbok,60,95,69,65,79,80,448,0,2
Pikachu,35,55,40,50,50,90,320,0,3
Raichu,60,85,50,95,85,110,485,0,2
Sandshrew,50,75,90,10,35,40,300,0,3
Sandslash,75,100,120,25,65,65,450,0,2
Nidoran♀,55,47,52,40,40,41,275,0,3
Nidorina,70,62,67,55,55,56,365,0,1
Nidoqueen,90,92,87,75,85,76,505,0,2
Nidoran♂,46,57,40,40,40,50,273,0,3
Nidorino,61,72,57,55,55,65,365,0,1
Nidoking,81,102,77,85,75,85,505,0,2
Clefairy,70,45,48,60,65,35,323,0,3
Clefable,95,70,73,95,90,60,483,0,2
Vulpix,38,41,40,50,65,65,299,0,3
Ninetales,73,67,75,81,100,109,505,0,2
Jigglypuff,115,45,20,45,25,20,270,0,3
Wigglytuff,140,70,45,85,50,45,435,0,1
Zubat,40,45,35,30,40,55,245,0,3
Golbat,75,80,70,65,75,90,455,0,2
Oddish,45,50,55,75,65,30,320,0,3
Gloom,60,65,70,85,75,40,395,0,1
Vileplume,75,80,85,110,90,50,490,0,2
Paras,35,70,55,45,55,25,285,0,3
Parasect,60,95,80,60,80,30,405,0,1
Venonat,60,55,50,40,55,45,305,0,3
Venomoth,70,65,60,90,75,90,450,0,2
Diglett,10,55,30,35,45,90,265,0,3
Dugtrio,35,100,60,50,70,110,425,0,1
Meowth,40,35,35,50,40,90,290,0,3
Persian,65,60,60,75,65,115,440,0,1
Psyduck,50,52,48,65,50,55,320,0,3
Golduck,80,82,78,95,80,85,500,0,2
Mankey,40,80,35,35,45,70,305,0,3
Primeape,65,105,60,60,70,95,455,0,2
Growlithe,55,70,45,70,50,60,350,0,1
Arcanine,90,110,80,100,80,95,555,0,0
Poliwag,40,50,40,40,40,90,300,0,3
Poliwhirl,65,65,65,50,50,90,385,0,1
Poliwrath,90,95,95,70,90,70,510,0,2
Abra,25,20,15,105,55,90,310,0,3
Kadabra,40,35,30,120,70,105,400,0,1
Alakazam,55,50,45,135,95,120,500,0,2
Machop,70,80,50,35,35,35,305,0,3
Machoke,80,100,70,50,60,45,405,0,1
Machamp,90,130,80,65,85,55,505,0,2
Bellsprout,50,75,35,70,30,40,300,0,3
Weepinbell,65,90,50,85,45,55,390,0,1
Victreebel,80,105,65,100,70,70,490,0,2
Tentacool,40,40,35,50,100,70,335,0,3
Tentacruel,80,70,65,80,120,100,515,0,2
Geodude,40,80,100,30,30,20,300,0,3
Graveler,55,95,115,45,45,35,390,0,1
Golem,80,120,130,55,65,45,495,0,2
Ponyta,50,85,55,65,65,90,410,0,1
Rapidash,65,100,70,80,80,105,500,0,2
Slowpoke,90,65,65,40,40,15,315,0,3
Slowbro,95,75,180,130,80,30,590,0,0
Magnemite,25,35,70,95,55,45,325,0,3
Magneton,50,60,95,120,70,70,465,0,2
Farfetch'd,52,90,55,58,62,60,377,0,1
Doduo,35,85,45,35,35,75,310,0,3
Dodrio,60,110,70,60,60,110,470,0,2
Seel,65,45,55,45,70,45,325,0,3
Dewgong,90,70,80,70,95,70,475,0,2
Grimer,80,80,50,40,50,25,325,0,3
Muk,105,105,75,65,100,50,500,0,2
Shellder,30,65,100,45,25,40,305,0,3
Cloyster,50,95,180,85,45,70,525,0,2
Gastly,30,35,30,100,35,80,310,0,3
Haunter,45,50,45,115,55,95,405,0,1
Gengar,60,65,80,170,95,130,600,0,0
Onix,35,45,160,30,45,70,385,0,1
Drowzee,60,48,45,43,90,42,328,0,3
Hypno,85,73,70,73,115,67,483,0,2
Krabby,30,105,90,25,25,50,325,0,3
Kingler,55,130,115,50,50,75,475,0,2
Voltorb,40,30,50,55,55,100,330,0,3
Electrode,60,50,70,80,80,150,490,0,2
Exeggcute,60,40,80,60,45,40,325,0,3
Exeggutor,95,105,85,125,75,45,530,0,2
Cubone,50,50,95,40,50,35,320,0,3
Marowak,60,80,110,50,80,45,425,0,1
Hitmonlee,50,120,53,35,110,87,455,0,2
Hitmonchan,50,105,79,35,110,76,455,0,2
Lickitung,90,55,75,60,75,30,385,0,1
Koffing,40,65,95,60,45,35,340,0,3
Weezing,65,90,120,85,70,60,490,0,2
Rhyhorn,80,85,95,30,30,25,345,0,1
Rhydon,105,130,120,45,45,40,485,0,2
Chansey,250,5,5,35,105,50,450,0,2
Tangela,65,55,115,100,40,60,435,0,1
Kangaskhan,105,95,85,40,80,90,490,0,2
Horsea,30,40,70,70,25,60,295,0,3
Seadra,55,65,95,95,45,85,440,0,1
Goldeen,45,67,60,35,50,63,320,0,3
Seaking,80,92,65,65,80,68,450,0,2
Staryu,30,45,55,70,55,85,340,0,3
Starmie,60,75,85,100,85,115,520,0,2
Mr. Mime,40,45,65,100,120,90,460,0,2
Scyther,70,110,80,55,80,105,500,0,2
Jynx,65,50,35,115,95,95,455,0,2
Electabuzz,65,83,57,95,85,105,490,0,2
Magmar,65,95,57,100,85,93,495,0,2
Pinsir,65,155,120,65,90,105,600,0,0
Tauros,75,100,95,40,70,110,490,0,2
Magikarp,20,10,55,15,20,80,200,0,3
Gyarados,95,125,79,60,100,81,540,0,2
Lapras,130,85,80,85,95,60,535,0,2
Ditto,48,48,48,48,48,48,288,0,3
Eevee,55,55,50,45,65,55,325,0,3
Vaporeon,130,65,60,110,95,65,525,0,2
Jolteon,65,65,60,110,95,130,525,0,2
Flareon,65,130,60,95,110,65,525,0,2
Porygon,65,60,70,85,75,40,395,0,1
Omanyte,35,40,100,90,55,35,355,0,1
Omastar,70,60,125,115,70,55,495,0,2
Kabuto,30,80,90,55,45,55,355,0,1
Kabutops,60,115,105,65,70,80,495,0,2
Aerodactyl,80,105,65,60,75,130,515,0,2
Snorlax,160,110,65,65,110,30,540,0,2
Articuno,90,85,100,95,125,85,580,1,0
Zapdos,90,90,85,125,90,100,580,1,0
Moltres,90,100,90,125,85,90,580,1,0
Dratini,41,64,45,50,50,50,300,0,3
Dragonair,61,84,65,70,70,70,420,0,1
Dragonite,91,134,95,100,100,80,600,0,0
Mewtwo,106,110,90,154,90,130,680,1,0
Mew,100,100,100,100,100,100,600,1,0
Chikorita,45,49,65,49,65,45,318,0,3
Bayleef,60,62,80,63,80,60,405,0,1
Meganium,80,82,100,83,100,80,525,0,2
Cyndaquil,39,52,43,60,50,65,309,0,3
Quilava,58,64,58,80,65,80,405,0,1
Typhlosion,78,84,78,109,85,100,534,0,2
Totodile,50,65,64,44,48,43,314,0,3
Croconaw,65,80,80,59,63,58,405,0,1
Feraligatr,85,105,100,79,83,78,530,0,2
Sentret,35,46,34,35,45,20,215,0,3
Furret,85,76,64,45,55,90,415,0,1
Hoothoot,60,30,30,36,56,50,262,0,3
Noctowl,100,50,50,86,96,70,452,0,2
Ledyba,40,20,30,40,80,55,265,0,3
Ledian,55,35,50,55,110,85,390,0,1
Spinarak,40,60,40,40,40,30,250,0,3
Ariados,70,90,70,60,70,40,400,0,1
Crobat,85,90,80,70,80,130,535,0,2
Chinchou,75,38,38,56,56,67,330,0,3
Lanturn,125,58,58,76,76,67,460,0,2
Pichu,20,40,15,35,35,60,205,0,3
Cleffa,50,25,28,45,55,15,218,0,3
Igglybuff,90,30,15,40,20,15,210,0,3
Togepi,35,20,65,40,65,20,245,0,3
Togetic,55,40,85,80,105,40,405,0,1
Natu,40,50,45,70,45,70,320,0,3
Xatu,65,75,70,95,70,95,470,0,2
Mareep,55,40,40,65,45,35,280,0,3
Flaaffy,70,55,55,80,60,45,365,0,1
Ampharos,90,75,85,115,90,55,510,0,2
Bellossom,75,80,95,90,100,50,490,0,2
Marill,70,20,50,20,50,40,250,0,3
Azumarill,100,50,80,60,80,50,420,0,1
Sudowoodo,70,100,115,30,65,30,410,0,1
Politoed,90,75,75,90,100,70,500,0,2
Hoppip,35,35,40,35,55,50,250,0,3
Skiploom,55,45,50,45,65,80,340,0,3
Jumpluff,75,55,70,55,95,110,460,0,2
Aipom,55,70,55,40,55,85,360,0,1
Sunkern,30,30,30,30,30,30,180,0,3
Sunflora,75,75,55,105,85,30,425,0,1
Yanma,65,65,45,75,45,95,390,0,1
Wooper,55,45,45,25,25,15,210,0,3
Quagsire,95,85,85,65,65,35,430,0,1
Espeon,65,65,60,130,95,110,525,0,2
Umbreon,95,65,110,60,130,65,525,0,2
Murkrow,60,85,42,85,42,91,405,0,1
Slowking,95,75,80,100,110,30,490,0,2
Misdreavus,60,60,60,85,85,85,435,0,1
Unown,48,72,48,72,48,48,336,0,3
Wobbuffet,190,33,58,33,58,33,405,0,1
Girafarig,70,80,65,90,65,85,455,0,2
Pineco,50,65,90,35,35,15,290,0,3
Forretress,75,90,140,60,60,40,465,0,2
Dunsparce,100,70,70,65,65,45,415,0,1
Gligar,65,75,105,35,65,85,430,0,1
Steelix,75,85,200,55,65,85,510,0,2
Snubbull,60,80,50,40,40,30,300,0,3
Granbull,90,120,75,60,60,45,450,0,2
Qwilfish,65,95,85,55,55,85,440,0,1
Scizor,70,130,100,55,80,65,500,0,2
Shuckle,20,10,230,10,230,5,505,0,2
Heracross,80,125,75,40,95,85,500,0,2
Sneasel,55,95,55,35,75,115,430,0,1
Teddiursa,60,80,50,50,50,40,330,0,3
Ursaring,90,130,75,75,75,55,500,0,2
Slugma,40,40,40,70,40,20,250,0,3
Magcargo,60,50,120,90,80,30,430,0,1
Swinub,50,50,40,30,30,50,250,0,3
Piloswine,100,100,80,60,60,50,450,0,2
Corsola,65,55,95,65,95,35,410,0,1
Remoraid,35,65,35,65,35,65,300,0,3
Octillery,75,105,75,105,75,45,480,0,2
Delibird,45,55,45,65,45,75,330,0,3
Mantine,85,40,70,80,140,70,485,0,2
Skarmory,65,80,140,40,70,70,465,0,2
Houndour,45,60,30,80,50,65,330,0,3
Houndoom,75,90,50,110,90,85,500,0,2
Kingdra,75,95,95,95,95,85,540,0,2
Phanpy,90,60,60,40,40,40,330,0,3
Donphan,90,120,120,60,60,50,500,0,2
Porygon2,85,80,90,105,95,60,515,0,2
Stantler,73,95,62,85,65,85,465,0,2
Smeargle,55,20,35,20,45,75,250,0,3
Tyrogue,35,35,35,35,35,35,210,0,3
Hitmontop,50,95,95,35,110,70,455,0,2
Smoochum,45,30,15,85,65,65,305,0,3
Elekid,45,63,37,65,55,95,360,0,1
Magby,45,75,37,70,55,83,365,0,1
Miltank,95,80,105,40,70,100,490,0,2
Blissey,255,10,10,75,135,55,540,0,0
Raikou,90,85,75,115,100,115,580,1,0
Entei,115,115,85,90,75,100,580,1,0
Suicune,100,75,115,90,115,85,580,1,0
Larvitar,50,64,50,45,50,41,300,0,3
Pupitar,70,84,70,65,70,51,410,0,1
Tyranitar,100,134,110,95,100,61,600,0,0
Lugia,106,90,130,90,154,110,680,1,0
Ho-Oh,106,130,90,110,154,90,680,1,0
Celebi,100,100,100,100,100,100,600,1,0
Treecko,40,45,35,65,55,70,310,0,3
Grovyle,50,65,45,85,65,95,405,0,1
Sceptile,70,85,65,105,85,120,530,0,2
Torchic,45,60,40,70,50,45,310,0,3
Combusken,60,85,60,85,60,55,405,0,1
Blaziken,80,120,70,110,70,80,530,0,2
Mudkip,50,70,50,50,50,40,310,0,3
Marshtomp,70,85,70,60,70,50,405,0,1
Swampert,100,110,90,85,90,60,535,0,2
Poochyena,35,55,35,30,30,35,220,0,3
Mightyena,70,90,70,60,60,70,420,0,1
Zigzagoon,38,30,41,30,41,60,240,0,3
Linoone,78,70,61,50,61,100,420,0,1
Wurmple,45,45,35,20,30,20,195,0,3
Silcoon,50,35,55,25,25,15,205,0,3
Beautifly,60,70,50,100,50,65,395,0,1
Cascoon,50,35,55,25,25,15,205,0,3
Dustox,60,50,70,50,90,65,385,0,1
Lotad,40,30,30,40,50,30,220,0,3
Lombre,60,50,50,60,70,50,340,0,3
Ludicolo,80,70,70,90,100,70,480,0,2
Seedot,40,40,50,30,30,30,220,0,3
Nuzleaf,70,70,40,60,40,60,340,0,3
Shiftry,90,100,60,90,60,80,480,0,2
Taillow,40,55,30,30,30,85,270,0,3
Swellow,60,85,60,75,50,125,455,0,2
Wingull,40,30,30,55,30,85,270,0,3
Pelipper,60,50,100,95,70,65,440,0,1
Ralts,28,25,25,45,35,40,198,0,3
Kirlia,38,35,35,65,55,50,278,0,3
Gardevoir,68,65,65,125,115,80,518,0,2
Surskit,40,30,32,50,52,65,269,0,3
Masquerain,70,60,62,100,82,80,454,0,2
Shroomish,60,40,60,40,60,35,295,0,3
Breloom,60,130,80,60,60,70,460,0,2
Slakoth,60,60,60,35,35,30,280,0,3
Vigoroth,80,80,80,55,55,90,440,0,1
Slaking,150,160,100,95,65,100,670,0,0
Nincada,31,45,90,30,30,40,266,0,3
Ninjask,61,90,45,50,50,160,456,0,2
Shedinja,1,90,45,30,30,40,236,0,3
Whismur,64,51,23,51,23,28,240,0,3
Loudred,84,71,43,71,43,48,360,0,1
Exploud,104,91,63,91,73,68,490,0,2
Makuhita,72,60,30,20,30,25,237,0,3
Hariyama,144,120,60,40,60,50,474,0,2
Azurill,50,20,40,20,40,20,190,0,3
Nosepass,30,45,135,45,90,30,375,0,1
Skitty,50,45,45,35,35,50,260,0,3
Delcatty,70,65,65,55,55,90,400,0,1
Sableye,50,75,75,65,65,50,380,0,1
Mawile,50,85,85,55,55,50,380,0,1
Aron,50,70,100,40,40,30,330,0,3
Lairon,60,90,140,50,50,40,430,0,1
Aggron,70,110,180,60,60,50,530,0,2
Meditite,30,40,55,40,55,60,280,0,3
Medicham,60,60,75,60,75,80,410,0,1
Electrike,40,45,40,65,40,65,295,0,3
Manectric,70,75,60,105,60,105,475,0,2
Plusle,60,50,40,85,75,95,405,0,1
Minun,60,40,50,75,85,95,405,0,1
Volbeat,65,73,75,47,85,85,430,0,1
Illumise,65,47,75,73,85,85,430,0,1
Roselia,50,60,45,100,80,65,400,0,1
Gulpin,70,43,53,43,53,40,302,0,3
Swalot,100,73,83,73,83,55,467,0,2
Carvanha,45,90,20,65,20,65,305,0,3
Sharpedo,70,120,40,95,40,95,460,0,2
Wailmer,130,70,35,70,35,60,400,0,1
Wailord,170,90,45,90,45,60,500,0,2
Numel,60,60,40,65,45,35,305,0,3
Camerupt,70,100,70,105,75,40,460,0,2
Torkoal,70,85,140,85,70,20,470,0,2
Spoink,60,25,35,70,80,60,330,0,3
Grumpig,80,45,65,90,110,80,470,0,2
Spinda,60,60,60,60,60,60,360,0,1
Trapinch,45,100,45,45,45,10,290,0,3
Vibrava,50,70,50,50,50,70,340,0,3
Flygon,80,100,80,80,80,100,520,0,2
Cacnea,50,85,40,85,40,35,335,0,3
Cacturne,70,115,60,115,60,55,475,0,2
Swablu,45,40,60,40,75,50,310,0,3
Altaria,75,70,90,70,105,80,490,0,2
Zangoose,73,115,60,60,60,90,458,0,2
Seviper,73,100,60,100,60,65,458,0,2
Lunatone,90,55,65,95,85,70,460,0,2
Solrock,90,95,85,55,65,70,460,0,2
Barboach,50,48,43,46,41,60,288,0,3
Whiscash,110,78,73,76,71,60,468,0,2
Corphish,43,80,65,50,35,35,308,0,3
Crawdaunt,63,120,85,90,55,55,468,0,2
Baltoy,40,40,55,40,70,55,300,0,3
Claydol,60,70,105,70,120,75,500,0,2
Lileep,66,41,77,61,87,23,355,0,1
Cradily,86,81,97,81,107,43,495,0,2
Anorith,45,95,50,40,50,75,355,0,1
Armaldo,75,125,100,70,80,45,495,0,2
Feebas,20,15,20,10,55,80,200,0,3
Milotic,95,60,79,100,125,81,540,0,2
Castform,70,70,70,70,70,70,420,0,1
Kecleon,60,90,70,60,120,40,440,0,1
Shuppet,44,75,35,63,33,45,295,0,3
Banette,64,115,65,83,63,65,455,0,2
Duskull,20,40,90,30,90,25,295,0,3
Dusclops,40,70,130,60,130,25,455,0,1
Tropius,99,68,83,72,87,51,460,0,2
Chimecho,75,50,80,95,90,65,455,0,2
Absol,65,130,60,75,60,75,465,0,2
Wynaut,95,23,48,23,48,23,260,0,3
Snorunt,50,50,50,50,50,50,300,0,3
Glalie,80,80,80,80,80,80,480,0,2
Spheal,70,40,50,55,50,25,290,0,3
Sealeo,90,60,70,75,70,45,410,0,1
Walrein,110,80,90,95,90,65,530,0,2
Clamperl,35,64,85,74,55,32,345,0,3
Huntail,55,104,105,94,75,52,485,0,2
Gorebyss,55,84,105,114,75,52,485,0,2
Relicanth,100,90,130,45,65,55,485,0,2
Luvdisc,43,30,55,40,65,97,330,0,3
Bagon,45,75,60,40,30,50,300,0,3
Shelgon,65,95,100,60,50,50,420,0,1
Salamence,95,135,80,110,80,100,600,0,0
Beldum,40,55,80,35,60,30,300,0,3
Metang,60,75,100,55,80,50,420,0,1
Metagross,80,135,130,95,90,70,600,0,0
Regirock,80,100,200,50,100,50,580,1,0
Regice,80,50,100,100,200,50,580,1,0
Registeel,80,75,150,75,150,50,580,1,0
Latias,80,80,90,110,130,110,600,1,0
Latios,80,90,80,130,110,110,600,1,0
Kyogre,100,100,90,90,140,90,670,1,0
Groudon,100,100,150,140,90,90,670,1,0
Rayquaza,105,105,180,150,90,95,680,1,0
Jirachi,100,100,150,100,100,100,600,1,0
Deoxys,50,95,90,95,90,180,600,1,0
Turtwig,55,68,64,45,55,31,318,0,3
Grotle,75,89,85,55,65,36,405,0,1
Torterra,95,109,105,75,85,56,525,0,2
Chimchar,44,58,44,58,44,61,309,0,3
Monferno,64,78,52,78,52,81,405,0,1
Infernape,76,104,71,104,71,108,534,0,2
Piplup,53,51,53,61,56,40,314,0,3
Prinplup,64,66,68,81,76,50,405,0,1
Empoleon,84,86,88,111,101,60,530,0,2
Starly,40,55,30,30,30,60,245,0,3
Staravia,55,75,50,40,40,80,340,0,3
Staraptor,85,120,70,50,60,100,485,0,2
Bidoof,59,45,40,35,40,31,250,0,3
Bibarel,79,85,60,55,60,71,410,0,1
Kricketot,37,25,41,25,41,25,194,0,3
Kricketune,77,85,51,55,51,65,384,0,1
Shinx,45,65,34,40,34,45,263,0,3
Luxio,60,85,49,60,49,60,363,0,1
Luxray,80,120,79,95,79,70,523,0,2
Budew,40,30,35,50,70,55,280,0,3
Roserade,60,70,65,125,105,90,515,0,2
Cranidos,67,125,40,30,30,58,350,0,1
Rampardos,97,165,60,65,50,58,495,0,2
Shieldon,30,42,118,42,88,30,350,0,3
Bastiodon,60,52,168,47,138,30,495,0,2
Burmy,40,29,45,29,45,36,224,0,3
Wormadam,60,69,95,69,95,36,424,0,1
Mothim,70,94,50,94,50,66,424,0,1
Combee,30,30,42,30,42,70,244,0,3
Vespiquen,70,80,102,80,102,40,474,0,2
Pachirisu,60,45,70,45,90,95,405,0,1
Buizel,55,65,35,60,30,85,330,0,3
Floatzel,85,105,55,85,50,115,495,0,2
Cherubi,45,35,45,62,53,35,275,0,3
Cherrim,70,60,70,87,78,85,450,0,2
Shellos,76,48,48,57,62,34,325,0,3
Gastrodon,111,83,68,92,82,39,475,0,2
Ambipom,75,100,66,60,66,115,482,0,2
Drifloon,90,50,34,60,44,70,348,0,1
Drifblim,150,80,44,90,54,80,498,0,2
Buneary,55,66,44,44,56,85,350,0,1
Lopunny,65,76,84,54,96,105,480,0,2
Mismagius,60,60,60,105,105,105,495,0,2
Honchkrow,100,125,52,105,52,71,505,0,2
Glameow,49,55,42,42,37,85,310,0,3
Purugly,71,82,64,64,59,112,452,0,2
Chingling,45,30,50,65,50,45,285,0,3
Stunky,63,63,47,41,41,74,329,0,3
Skuntank,103,93,67,71,61,84,479,0,2
Bronzor,57,24,86,24,86,23,300,0,3
Bronzong,67,89,116,79,116,33,500,0,2
Bonsly,50,80,95,10,45,10,290,0,3
Mime Jr.,20,25,45,70,90,60,310,0,3
Happiny,100,5,5,15,65,30,220,0,3
Chatot,76,65,45,92,42,91,411,0,1
Spiritomb,50,92,108,92,108,35,485,0,2
Gible,58,70,45,40,45,42,300,0,3
Gabite,68,90,65,50,55,82,410,0,1
Garchomp,108,130,95,80,85,102,600,0,0
Munchlax,135,85,40,40,85,5,390,0,1
Riolu,40,70,40,35,40,60,285,0,3
Lucario,70,110,70,115,70,90,525,0,2
Hippopotas,68,72,78,38,42,32,330,0,3
Hippowdon,108,112,118,68,72,47,525,0,2
Skorupi,40,50,90,30,55,65,330,0,3
Drapion,70,90,110,60,75,95,500,0,2
Croagunk,48,61,40,61,40,50,300,0,3
Toxicroak,83,106,65,86,65,85,490,0,2
Carnivine,74,100,72,90,72,46,454,0,2
Finneon,49,49,56,49,61,66,330,0,3
Lumineon,69,69,76,69,86,91,460,0,2
Mantyke,45,20,50,60,120,50,345,0,3
Snover,60,62,50,62,60,40,334,0,3
Abomasnow,90,92,75,92,85,60,494,0,2
Weavile,70,120,65,45,85,125,510,0,2
Magnezone,70,70,115,130,90,60,535,0,2
Lickilicky,110,85,95,80,95,50,515,0,2
Rhyperior,115,140,130,55,55,40,535,0,2
Tangrowth,100,100,125,110,50,50,535,0,2
Electivire,75,123,67,95,85,95,540,0,2
Magmortar,75,95,67,125,95,83,540,0,2
Togekiss,85,50,95,120,115,80,545,0,2
Yanmega,86,76,86,116,56,95,515,0,2
Leafeon,65,110,130,60,65,95,525,0,2
Glaceon,65,60,110,130,95,65,525,0,2
Gliscor,75,95,125,45,75,95,510,0,2
Mamoswine,110,130,80,70,60,80,530,0,2
Porygon-Z,85,80,70,135,75,90,535,0,2
Gallade,68,125,65,65,115,80,518,0,2
Probopass,60,55,145,75,150,40,525,0,2
Dusknoir,45,100,135,65,135,45,525,0,2
Froslass,70,80,70,80,70,110,480,0,2
Rotom,50,65,107,105,107,86,520,0,2
Uxie,75,75,130,75,130,95,580,1,0
Mesprit,80,105,105,105,105,80,580,1,0
Azelf,75,125,70,125,70,115,580,1,0
Dialga,100,120,120,150,100,90,680,1,0
Palkia,90,120,100,150,120,100,680,1,0
Heatran,91,90,106,130,106,77,600,1,0
Regigigas,110,160,110,80,110,100,670,1,0
Giratina,150,120,100,120,100,90,680,1,0
Cresselia,120,70,120,75,130,85,600,1,0
Phione,80,80,80,80,80,80,480,0,2
Manaphy,100,100,100,100,100,100,600,1,0
Darkrai,70,90,90,135,90,125,600,1,0
Shaymin,100,103,75,120,75,127,600,1,0
Arceus,120,120,120,120,120,120,720,1,0
Victini,100,100,100,100,100,100,600,1,0
Snivy,45,45,55,45,55,63,308,0,3
Servine,60,60,75,60,75,83,413,0,1
Serperior,75,75,95,75,95,113,528,0,2
Tepig,65,63,45,45,45,45,308,0,3
Pignite,90,93,55,70,55,55,418,0,1
Emboar,110,123,65,100,65,65,528,0,2
Oshawott,55,55,45,63,45,45,308,0,3
Dewott,75,75,60,83,60,60,413,0,1
Samurott,95,100,85,108,70,70,528,0,2
Patrat,45,55,39,35,39,42,255,0,3
Watchog,60,85,69,60,69,77,420,0,1
Lillipup,45,60,45,25,45,55,275,0,3
Herdier,65,80,65,35,65,60,370,0,1
Stoutland,85,110,90,45,90,80,500,0,2
Purrloin,41,50,37,50,37,66,281,0,3
Liepard,64,88,50,88,50,106,446,0,2
Pansage,50,53,48,53,48,64,316,0,3
Simisage,75,98,63,98,63,101,498,0,2
Pansear,50,53,48,53,48,64,316,0,3
Simisear,75,98,63,98,63,101,498,0,2
Panpour,50,53,48,53,48,64,316,0,3
Simipour,75,98,63,98,63,101,498,0,2
Munna,76,25,45,67,55,24,292,0,3
Musharna,116,55,85,107,95,29,487,0,2
Pidove,50,55,50,36,30,43,264,0,3
Tranquill,62,77,62,50,42,65,358,0,1
Unfezant,80,115,80,65,55,93,488,0,2
Blitzle,45,60,32,50,32,76,295,0,3
Zebstrika,75,100,63,80,63,116,497,0,2
Roggenrola,55,75,85,25,25,15,280,0,3
Boldore,70,105,105,50,40,20,390,0,1
Gigalith,85,135,130,60,80,25,515,0,2
Woobat,65,45,43,55,43,72,323,0,3
Swoobat,67,57,55,77,55,114,425,0,1
Drilbur,60,85,40,30,45,68,328,0,3
Excadrill,110,135,60,50,65,88,508,0,2
Audino,103,60,86,60,86,50,445,0,2
Timburr,75,80,55,25,35,35,305,0,3
Gurdurr,85,105,85,40,50,40,405,0,1
Conkeldurr,105,140,95,55,65,45,505,0,2
Tympole,50,50,40,50,40,64,294,0,3
Palpitoad,75,65,55,65,55,69,384,0,1
Seismitoad,105,95,75,85,75,74,509,0,2
Throh,120,100,85,30,85,45,465,0,2
Sawk,75,125,75,30,75,85,465,0,2
Sewaddle,45,53,70,40,60,42,310,0,3
Swadloon,55,63,90,50,80,42,380,0,1
Leavanny,75,103,80,70,80,92,500,0,2
Venipede,30,45,59,30,39,57,260,0,3
Whirlipede,40,55,99,40,79,47,360,0,1
Scolipede,60,100,89,55,69,112,485,0,2
Cottonee,40,27,60,37,50,66,280,0,3
Whimsicott,60,67,85,77,75,116,480,0,2
Petilil,45,35,50,70,50,30,280,0,3
Lilligant,70,60,75,110,75,90,480,0,2
Basculin,70,92,65,80,55,98,460,0,2
Sandile,50,72,35,35,35,65,292,0,3
Krokorok,60,82,45,45,45,74,351,0,1
Krookodile,95,117,80,65,70,92,519,0,2
Darumaka,70,90,45,15,45,50,315,0,3
Darmanitan,105,30,105,140,105,55,540,0,2
Maractus,75,86,67,106,67,60,461,0,2
Dwebble,50,65,85,35,35,55,325,0,3
Crustle,70,105,125,65,75,45,485,0,2
Scraggy,50,75,70,35,70,48,348,0,1
Scrafty,65,90,115,45,115,58,488,0,2
Sigilyph,72,58,80,103,80,97,490,0,2
Yamask,38,30,85,55,65,30,303,0,3
Cofagrigus,58,50,145,95,105,30,483,0,2
Tirtouga,54,78,103,53,45,22,355,0,1
Carracosta,74,108,133,83,65,32,495,0,2
Archen,55,112,45,74,45,70,401,0,1
Archeops,75,140,65,112,65,110,567,0,0
Trubbish,50,50,62,40,62,65,329,0,3
Garbodor,80,95,82,60,82,75,474,0,2
Zorua,40,65,40,80,40,65,330,0,3
Zoroark,60,105,60,120,60,105,510,0,2
Minccino,55,50,40,40,40,75,300,0,3
Cinccino,75,95,60,65,60,115,470,0,2
Gothita,45,30,50,55,65,45,290,0,3
Gothorita,60,45,70,75,85,55,390,0,1
Gothitelle,70,55,95,95,110,65,490,0,2
Solosis,45,30,40,105,50,20,290,0,3
Duosion,65,40,50,125,60,30,370,0,1
Reuniclus,110,65,75,125,85,30,490,0,2
Ducklett,62,44,50,44,50,55,305,0,3
Swanna,75,87,63,87,63,98,473,0,2
Vanillite,36,50,50,65,60,44,305,0,3
Vanillish,51,65,65,80,75,59,395,0,1
Vanilluxe,71,95,85,110,95,79,535,0,2
Deerling,60,60,50,40,50,75,335,0,3
Sawsbuck,80,100,70,60,70,95,475,0,2
Emolga,55,75,60,75,60,103,428,0,1
Karrablast,50,75,45,40,45,60,315,0,3
Escavalier,70,135,105,60,105,20,495,0,2
Foongus,69,55,45,55,55,15,294,0,3
Amoonguss,114,85,70,85,80,30,464,0,2
Frillish,55,40,50,65,85,40,335,0,3
Jellicent,100,60,70,85,105,60,480,0,2
Alomomola,165,75,80,40,45,65,470,0,2
Joltik,50,47,50,57,50,65,319,0,3
Galvantula,70,77,60,97,60,108,472,0,2
Ferroseed,44,50,91,24,86,10,305,0,3
Ferrothorn,74,94,131,54,116,20,489,0,2
Klink,40,55,70,45,60,30,300,0,3
Klang,60,80,95,70,85,50,440,0,1
Klinklang,60,100,115,70,85,90,520,0,2
Tynamo,35,55,40,45,40,60,275,0,3
Eelektrik,65,85,70,75,70,40,405,0,1
Eelektross,85,115,80,105,80,50,515,0,2
Elgyem,55,55,55,85,55,30,335,0,3
Beheeyem,75,75,75,125,95,40,485,0,2
Litwick,50,30,55,65,55,20,275,0,3
Lampent,60,40,60,95,60,55,370,0,1
Chandelure,60,55,90,145,90,80,520,0,2
Axew,46,87,60,30,40,57,320,0,3
Fraxure,66,117,70,40,50,67,410,0,1
Haxorus,76,147,90,60,70,97,540,0,2
Cubchoo,55,70,40,60,40,40,305,0,3
Beartic,95,130,80,70,80,50,505,0,2
Cryogonal,80,50,50,95,135,105,515,0,2
Shelmet,50,40,85,40,65,25,305,0,3
Accelgor,80,70,40,100,60,145,495,0,2
Stunfisk,109,66,84,81,99,32,471,0,2
Mienfoo,45,85,50,55,50,65,350,0,1
Mienshao,65,125,60,95,60,105,510,0,2
Druddigon,77,120,90,60,90,48,485,0,2
Golett,59,74,50,35,50,35,303,0,3
Golurk,89,124,80,55,80,55,483,0,2
Pawniard,45,85,70,40,40,60,340,0,3
Bisharp,65,125,100,60,70,70,490,0,2
Bouffalant,95,110,95,40,95,55,490,0,2
Rufflet,70,83,50,37,50,60,350,0,1
Braviary,100,123,75,57,75,80,510,0,2
Vullaby,70,55,75,45,65,60,370,0,1
Mandibuzz,110,65,105,55,95,80,510,0,2
Heatmor,85,97,66,105,66,65,484,0,2
Durant,58,109,112,48,48,109,484,0,2
Deino,52,65,50,45,50,38,300,0,3
Zweilous,72,85,70,65,70,58,420,0,1
Hydreigon,92,105,90,125,90,98,600,0,0
Larvesta,55,85,55,50,55,60,360,0,1
Volcarona,85,60,65,135,105,100,550,0,0
Cobalion,91,90,129,90,72,108,580,1,0
Terrakion,91,129,90,72,90,108,580,1,0
Virizion,91,90,72,90,129,108,580,1,0
Tornadus,79,100,80,110,90,121,580,1,0
Thundurus,79,105,70,145,80,101,580,1,0
Reshiram,100,120,100,150,120,90,680,1,0
Zekrom,100,150,120,120,100,90,680,1,0
Landorus,89,145,90,105,80,91,600,1,0
Kyurem,125,120,90,170,100,95,700,1,0
Keldeo,91,72,90,129,90,108,580,1,0
Meloetta,100,128,90,77,77,128,600,1,0
Genesect,71,120,95,120,95,99,600,1,0
Chespin,56,61,65,48,45,38,313,0,3
Quilladin,61,78,95,56,58,57,405,0,1
Chesnaught,88,107,122,74,75,64,530,0,2
Fennekin,40,45,40,62,60,60,307,0,3
Braixen,59,59,58,90,70,73,409,0,1
Delphox,75,69,72,114,100,104,534,0,2
Froakie,41,56,40,62,44,71,314,0,3
Frogadier,54,63,52,83,56,97,405,0,1
Greninja,72,95,67,103,71,122,540,0,2
Bunnelby,38,36,38,32,36,57,237,0,3
Diggersby,85,56,77,50,77,78,423,0,1
Fletchling,45,50,43,40,38,62,278,0,3
Fletchinder,62,73,55,56,52,84,382,0,1
Talonflame,78,81,71,74,69,126,499,0,2
Scatterbug,38,35,40,27,25,35,200,0,3
Spewpa,45,22,60,27,30,29,213,0,3
Vivillon,80,52,50,90,50,89,411,0,1
Litleo,62,50,58,73,54,72,369,0,1
Pyroar,86,68,72,109,66,106,507,0,2
Flabébé,44,38,39,61,79,42,303,0,3
Floette,74,65,67,125,128,92,551,0,2
Florges,78,65,68,112,154,75,552,0,2
Skiddo,66,65,48,62,57,52,350,0,1
Gogoat,123,100,62,97,81,68,531,0,2
Pancham,67,82,62,46,48,43,348,0,1
Pangoro,95,124,78,69,71,58,495,0,2
Furfrou,75,80,60,65,90,102,472,0,2
Espurr,62,48,54,63,60,68,355,0,1
Meowstic,74,48,76,83,81,104,466,0,2
Honedge,45,80,100,35,37,28,325,0,3
Doublade,59,110,150,45,49,35,448,0,1
Aegislash,60,150,50,150,50,60,520,0,2
Spritzee,78,52,60,63,65,23,341,0,3
Aromatisse,101,72,72,99,89,29,462,0,2
Swirlix,62,48,66,59,57,49,341,0,3
Slurpuff,82,80,86,85,75,72,480,0,2
Inkay,53,54,53,37,46,45,288,0,3
Malamar,86,92,88,68,75,73,482,0,2
Binacle,42,52,67,39,56,50,306,0,3
Barbaracle,72,105,115,54,86,68,500,0,2
Skrelp,50,60,60,60,60,30,320,0,3
Dragalge,65,75,90,97,123,44,494,0,2
Clauncher,50,53,62,58,63,44,330,0,3
Clawitzer,71,73,88,120,89,59,500,0,2
Helioptile,44,38,33,61,43,70,289,0,3
Heliolisk,62,55,52,109,94,109,481,0,2
Tyrunt,58,89,77,45,45,48,362,0,1
Tyrantrum,82,121,119,69,59,71,521,0,2
Amaura,77,59,50,67,63,46,362,0,1
Aurorus,123,77,72,99,92,58,521,0,2
Sylveon,95,65,65,110,130,60,525,0,2
Hawlucha,78,92,75,74,63,118,500,0,2
Dedenne,67,58,57,81,67,101,431,0,1
Carbink,50,50,150,50,150,50,500,0,2
Goomy,45,50,35,55,75,40,300,0,3
Sliggoo,68,75,53,83,113,60,452,0,2
Goodra,90,100,70,110,150,80,600,0,0
Klefki,57,80,91,80,87,75,470,0,2
Phantump,43,70,48,50,60,38,309,0,3
Trevenant,85,110,76,65,82,56,474,0,2
Pumpkaboo,59,66,70,44,55,41,335,0,3
Gourgeist,85,100,122,58,75,54,494,0,2
Bergmite,55,69,85,32,35,28,304,0,3
Avalugg,95,117,184,44,46,28,514,0,2
Noibat,40,30,35,45,40,55,245,0,3
Noivern,85,70,80,97,80,123,535,0,2
Xerneas,126,131,95,131,98,99,680,1,0
Yveltal,126,131,95,131,98,99,680,1,0
Zygarde,108,100,120,81,95,95,600,1,0
Diancie,50,100,150,100,150,50,600,1,0
Hoopa,80,160,60,170,130,80,680,1,0
Volcanion,80,110,120,130,90,70,600,1,0
Rowlet,68,55,55,50,50,42,320,0,3
Dartrix,78,75,75,70,70,52,420,0,1
Decidueye,78,107,75,100,100,70,530,0,2
Litten,45,65,40,60,40,70,320,0,3
Torracat,65,85,50,80,50,90,420,0,1
Incineroar,95,115,90,80,90,60,530,0,2
Popplio,50,54,54,66,56,40,320,0,3
Brionne,60,69,69,91,81,50,420,0,1
Primarina,80,74,74,126,116,60,530,0,2
Pikipek,35,75,30,30,30,65,265,0,3
Trumbeak,55,85,50,40,50,75,355,0,1
Toucannon,80,120,75,75,75,60,485,0,2
Yungoos,48,70,30,30,30,45,253,0,3
Gumshoos,88,110,60,55,60,45,418,0,1
Grubbin,47,62,45,55,45,46,300,0,3
Charjabug,57,82,95,55,75,36,400,0,1
Vikavolt,77,70,90,145,75,43,500,0,2
Crabrawler,47,82,57,42,47,63,338,0,3
Crabominable,97,132,77,62,67,43,478,0,2
Oricorio,75,70,70,98,70,93,476,0,2
Cutiefly,40,45,40,55,40,84,304,0,3
Ribombee,60,55,60,95,70,124,464,0,2
Rockruff,45,65,40,30,40,60,280,0,3
Lycanroc,85,115,75,55,75,82,487,0,2
Wishiwashi,45,140,130,140,135,30,620,0,0
Mareanie,50,53,62,43,52,45,305,0,3
Toxapex,50,63,152,53,142,35,495,0,2
Mudbray,70,100,70,45,55,45,385,0,1
Mudsdale,100,125,100,55,85,35,500,0,2
Dewpider,38,40,52,40,72,27,269,0,3
Araquanid,68,70,92,50,132,42,454,0,2
Fomantis,40,55,35,50,35,35,250,0,3
Lurantis,70,105,90,80,90,45,480,0,2
Morelull,40,35,55,65,75,15,285,0,3
Shiinotic,60,45,80,90,100,30,405,0,1
Salandit,48,44,40,71,40,77,320,0,3
Salazzle,68,64,60,111,60,117,480,0,2
Stufful,70,75,50,45,50,50,340,0,3
Bewear,120,125,80,55,60,60,500,0,2
Bounsweet,42,30,38,30,38,32,210,0,3
Steenee,52,40,48,40,48,62,290,0,3
Tsareena,72,120,98,50,98,72,510,0,2
Comfey,51,52,90,82,110,100,485,0,2
Oranguru,90,60,80,90,110,60,490,0,2
Passimian,100,120,90,40,60,80,490,0,2
Wimpod,25,35,40,20,30,80,230,0,3
Golisopod,75,125,140,60,90,40,530,0,2
Sandygast,55,55,80,70,45,15,320,0,3
Palossand,85,75,110,100,75,35,480,0,2
Pyukumuku,55,60,130,30,130,5,410,0,1
Type: Null,95,95,95,95,95,59,534,0,2
Silvally,95,95,95,95,95,95,570,0,0
Minior,60,100,60,100,60,120,500,0,2
Komala,65,115,65,75,95,65,480,0,2
Turtonator,60,78,135,91,85,36,485,0,2
Togedemaru,65,98,63,40,73,96,435,0,1
Mimikyu,55,90,80,50,105,96,476,0,2
Bruxish,68,105,70,70,70,92,475,0,2
Drampa,78,60,85,135,91,36,485,0,2
Dhelmise,70,131,100,86,90,40,517,0,2
Jangmo-o,45,55,65,45,45,45,300,0,3
Hakamo-o,55,75,90,65,70,65,420,0,1
Kommo-o,75,110,125,100,105,85,600,0,0
Tapu Koko,70,115,85,95,75,130,570,1,0
Tapu Lele,70,85,75,130,115,95,570,1,0
Tapu Bulu,70,130,115,85,95,75,570,1,0
Tapu Fini,70,75,115,95,130,85,570,1,0
Cosmog,43,29,31,29,31,37,200,1,3
Cosmoem,43,29,131,29,131,37,400,1,1
Solgaleo,137,137,107,113,89,97,680,1,0
Lunala,137,113,89,137,107,97,680,1,0
Nihilego,109,53,47,127,131,103,570,1,0
Buzzwole,107,139,139,53,53,79,570,1,0
Pheromosa,71,137,37,137,37,151,570,1,0
Xurkitree,83,89,71,173,71,83,570,1,0
Celesteela,97,101,103,107,101,61,570,1,0
Kartana,59,181,131,59,31,109,570,1,0
Guzzlord,223,101,53,97,53,43,570,1,0
Necrozma,97,107,101,127,89,79,600,1,0
Magearna,80,95,115,130,115,65,600,1,0
